date,Rockbound Tax-Efficient 2035,Vanguard 2035,S&P 500
2025-02-12,10000.0,10000.0,10000.0
2025-02-13,10001.278,10089.32245289892,10104.367041445965
2025-02-14,10001.703999999998,10097.443473162482,10105.99830413285
2025-02-17,10001.703999999998,,
2025-02-18,10003.407999999998,10117.743632003134,10132.2497402974
2025-02-19,10003.833999999999,10105.56289888054,10156.509450238045
2025-02-20,10004.259999999998,10101.502388748757,10113.847012227128
2025-02-21,10004.685999999998,10020.300956113402,9941.626197109685
2025-02-24,9977.687527999999,9987.820861422912,9892.581131826142
2025-02-25,9965.093528,9995.941084413722,9846.452811211811
2025-02-26,10008.521528000001,10016.241243254373,9848.001850036891
2025-02-27,9879.551528,9914.738854505615,9691.85359747749
2025-02-28,9963.089998999998,9979.69984115935,9846.731050887029
2025-03-03,9900.439998999998,9910.678344373833,9674.375153710904
2025-03-04,9846.433998999997,9857.898090842693,9556.281132193213
2025-03-05,10001.643998999998,9955.33996945967,9663.128838184177
2025-03-06,9848.763998999997,9853.83758071091,9491.215628406879
2025-03-07,9886.593998999999,9894.438695664965,9545.034816666486
2025-03-10,9592.465998999998,9732.034235848747,9289.278228663094
2025-03-11,9580.527998999996,9695.493631026475,9219.078138363675
2025-03-12,9639.363998999997,9727.97452298972,9264.326957313337
2025-03-13,9551.637998999997,9663.012739063233,9136.399842893694
2025-03-14,9747.915998999997,9788.876594057177,9332.572028470015
2025-03-17,9774.689157612996,9853.83758071091,9393.118890565182
2025-03-18,9731.634886940996,9817.29697588864,9293.390155894976
2025-03-19,9832.582886940998,9874.137739551561,9393.810451974294
2025-03-20,9809.010886940998,9849.77707057913,9374.43718867807
2025-03-21,9768.944886940999,9833.536624597507,9382.420978831029
2025-03-24,9871.422886940998,9902.558121383023,9548.049202171596
2025-03-25,9904.514886940997,9914.738854505616,9563.46030312708
2025-03-26,9776.464886940998,9837.597134729289,9456.763096168886
2025-03-27,9767.010886941,9829.476114465724,9425.526838382397
2025-03-28,9635.164886940998,9736.094745980528,9239.789741839102
2025-03-31,9642.626886941,9740.154458839559,9291.924075073326
2025-04-01,9700.264886940999,9768.575637943772,9327.294284340396
2025-04-02,9742.300886940999,9805.116242766044,9390.32181098056
2025-04-03,9418.616886941,9573.691083437063,8936.296328924816
2025-04-04,8677.628886940998,9208.283440668834,8403.545904040353
2025-04-07,8549.906886940998,9102.720541788292,8384.059582934147
2025-04-08,8405.570886941,9017.458599021154,8252.45662140684
2025-04-09,9120.344886941,9476.249204820087,9037.828849563373
2025-04-10,8852.462886941,9309.785829417595,8726.607127781024
2025-04-11,9070.762886941,9435.648089866034,8884.710399483169
2025-04-14,9160.227105308202,9516.850319774143,8955.315735958628
2025-04-15,9217.711105308203,9529.030255623982,8940.686495831915
2025-04-16,9096.0878766742,9443.768312856844,8740.567564888946
2025-04-17,9153.531876674202,9476.249204820087,8752.302818736765
2025-04-18,9153.531876674202,,
2025-04-21,9039.7938766742,9378.80732620311,8546.756378773032
2025-04-22,9220.125490274202,9512.78980964236,8761.646973317625
2025-04-23,9328.331490274202,9593.991242277714,8907.804292526074
2025-04-24,9508.6494902742,9723.91481013069,9088.271720497603
2025-04-25,9578.9194902742,9756.39570209393,9155.31426767538
2025-04-28,9632.4554902742,9784.816083925392,9161.350380101829
2025-04-29,9685.209490274201,9817.296975888634,9214.537472423806
2025-04-30,9693.781490274201,9829.47611446572,9228.911231265625
2025-05-01,9679.8054902742,9837.597134729285,9287.158027655118
2025-05-02,9813.0214902742,9935.03901334626,9424.2266735676
2025-05-05,9806.5534902742,9910.67834437383,9364.566654553333
2025-05-06,9810.109490274199,9882.257962542366,9292.638394872758
2025-05-07,9811.0554902742,9882.257962542366,9333.098408013893
2025-05-08,9798.2434902742,9906.618631514799,9387.239884446113
2025-05-09,9832.197490274199,9918.79856736464,9382.210280185154
2025-05-12,9985.1774902742,10069.02149678551,9688.793695191744
2025-05-13,10093.5054902742,10109.622611739565,9759.278632440988
2025-05-14,10067.9414902742,10097.443473162479,9769.721062890247
2025-05-15,10155.869490274199,10150.22372669362,9812.525924376076
2025-05-16,10224.131490274198,10190.824841647676,9882.56009866864
2025-05-19,10254.513490274196,10207.065287629297,9892.656014271719
2025-05-20,10241.159490274196,10190.824841647676,9854.47404258756
2025-05-21,10119.015490274196,10093.3829630307,9695.777584453823
2025-05-22,10158.605490274198,10093.3829630307,9691.66565722194
2025-05-23,10150.053490274198,10081.202229908105,9627.232249373232
2025-05-26,10150.053490274198,,
2025-05-27,10287.229490274196,10207.065287629297,9825.005597829882
2025-05-28,10165.979490274198,10154.284236825404,9770.389865909037
2025-05-29,10251.933490274196,10190.824841647676,9809.73692034931
2025-05-30,10236.885490274195,10194.885351779458,9809.827219768971
2025-06-02,10323.541490274196,10231.425956601728,9851.257033994434
2025-06-03,10331.641490274194,10247.665605310596,9908.548712132064
2025-06-04,10400.315490274192,10276.08678441481,9909.691036497856
2025-06-05,10343.505490274194,10255.78662557416,9858.195406475868
2025-06-06,10380.459490274194,10296.387740528213,9960.690386782519
2025-06-09,10413.611490274196,10316.687899368862,9970.704078523795
2025-06-10,10453.625490274195,10353.228504191135,10025.703032371983
2025-06-11,10487.357490274195,10349.167994059351,9998.323954674102
2025-06-12,10536.303490274195,10389.769109013405,10036.648349833173
2025-06-13,10399.511490274195,10288.266720264644,9924.944297004342
2025-06-16,10439.277709474196,10341.047771068539,10019.793926446357
2025-06-17,10355.179709474194,10284.207007405617,9936.41599400941
2025-06-18,10344.217709474195,10288.266720264644,9933.679848179518
2025-06-19,10344.217709474195,,
2025-06-20,10287.949709474193,10259.846338433183,9912.600439750837
2025-06-23,10366.579709474194,10320.747612227888,10008.006548543284
2025-06-24,10532.985709474191,10320.747612227888,10119.530002532792
2025-06-25,10537.665709474191,10414.129777985834,10119.582860729668
2025-06-26,10642.117709474192,10487.21098763038,10200.863350548958
2025-06-27,10665.589709474194,10515.632166734595,10254.846986532179
2025-06-30,10728.767709474194,10556.232484415896,10308.680857624251
2025-07-01,10704.597709474196,10552.172771556867,10297.381683900649
2025-07-02,10743.093709474195,10580.593153388329,10346.517048603851
2025-07-03,10777.609709474194,10621.194268342384,10434.428305564434
2025-07-04,10777.609709474194,,
2025-07-07,10687.569709474194,10544.052548566056,10352.583994978477
2025-07-08,10670.841709474194,10552.172771556867,10345.231566621522
2025-07-09,10756.369709474195,10604.954619633516,10408.071153006133
2025-07-10,10763.039709474193,10621.194268342384,10438.118835504563
2025-07-11,10605.995016674195,10572.473727670273,10403.703744489356
2025-07-14,10684.617016674194,10580.59315338833,10418.370425838853
2025-07-15,10647.805016674194,10539.992038434277,10378.121111343595
2025-07-16,10703.165296674193,10568.413217538491,10411.266137350562
2025-07-17,10756.113296674192,10609.01353521979,10467.33253311897
2025-07-18,10749.959296674191,10609.01353521979,10467.031535053433
2025-07-21,10831.475296674193,10633.375001464978,10481.924332022896
2025-07-22,10861.309296674193,10657.734873164654,10488.832604697778
2025-07-23,10963.987296674193,10738.937103072763,10570.902296762073
2025-07-24,10942.445296674192,10718.63614695936,10578.36778292901
2025-07-25,10941.321296674192,10738.937103072763,10620.970021326819
2025-07-28,10888.189296674193,10702.396498250491,10622.842082466133
2025-07-29,10923.701296674193,10698.335988118708,10591.456059788497
2025-07-30,10859.825296674195,10661.795383296436,10578.28482492558
2025-07-31,10777.757296674194,10621.194268342382,10540.035312212083
2025-08-01,10676.493296674193,10560.292994547677,10371.91908291029
2025-08-04,10867.085296674191,10665.855096155465,10525.173349190798
2025-08-05,10824.17129667419,10657.734873164654,10474.196023154831
2025-08-06,10916.537296674189,10702.396498250491,10550.477008519718
2025-08-07,10967.71529667419,10718.63614695936,10542.20763727531
2025-08-08,11007.83329667419,10751.117038922603,10625.404970872936
2025-08-11,10999.05329667419,10734.877390213733,10599.853171675353
2025-08-12,11165.08129667419,10816.078025576337,10720.435199154272
2025-08-13,11233.519296674192,10868.859873652986,10755.414845077767
2025-08-14,11191.405296674193,10844.499204680553,10759.060592378877
2025-08-15,11133.765296674192,10836.378981689742,10730.313808836865
2025-08-18,11168.069296674192,10844.499204680553,10730.050251994115
2025-08-19,11087.647296674193,10812.01831271731,10668.090167274171
2025-08-20,11112.677296674194,10803.89888699925,10642.417968850374
2025-08-21,11049.565296674193,10775.477707895036,10601.176094880464
2025-08-22,11268.425296674193,10909.460988607038,10762.624115818184
2025-08-25,11186.889296674193,10852.619427671361,10716.92453391184
2025-08-26,11213.307296674193,10881.039809502823,10761.909796018752
2025-08-27,11210.003296674193,10885.100319634606,10787.6656865876
2025-08-28,11251.937296674192,10917.580414325097,10821.983136766912
2025-08-29,11163.489296674194,10868.859873652986,10753.70062438745
2025-09-01,11163.489296674194,,
2025-09-02,11096.577296674195,10816.078025576338,10681.396484195766
2025-09-03,11179.825296674195,10848.558917539582,10736.07241572972
2025-09-04,11252.687296674196,10909.460988607038,10826.644201932997
2025-09-05,11306.469296674197,10933.82165757947,10793.867715020908
2025-09-08,11394.077296674197,10982.542198251584,10817.186989542155
2025-09-09,11404.147296674197,10982.542198251584,10846.595968828353
2025-09-10,11476.133296674197,11010.963377355798,10879.267473488317
2025-09-11,11568.211296674197,11088.10429985937,10971.681221024353
2025-09-12,11568.068256674198,11067.80414101872,10966.824874186485
2025-09-15,11650.470212674198,11116.524681690831,11020.914226563453
2025-09-16,11689.454212674198,11120.585191822614,11007.11162990453
2025-09-17,11630.994212674197,11104.344745840992,10996.609733983787
2025-09-18,11695.902212674197,11132.765924945206,11049.443704184978
2025-09-19,11670.778212674195,11140.886147936018,11103.457439974749
2025-09-22,11720.048212674197,11165.246019635697,11153.329148726083
2025-09-23,11707.910212674198,11140.886147936018,11091.955643163124
2025-09-24,11672.402212674198,11104.344745840992,11060.449221259274
2025-09-25,11586.512212674199,11055.623407896126,11005.16468631964
2025-09-26,11644.960212674197,11092.164809991153,11070.41813036153
2025-09-29,11735.540212674197,11128.705414813423,11099.691293447422
2025-09-30,11790.044212674198,11165.246019635695,11146.210177405326
2025-10-01,11881.462212674198,11205.847134589749,11184.670388764702
2025-10-02,11901.4902126742,11222.08758057137,11191.707136223655
2025-10-03,11959.268212674198,11242.388536684773,11193.601221611667
2025-10-06,12025.132212674198,11262.688695525423,11235.241734483006
2025-10-07,11931.410212674198,11218.027070439586,11192.49633846866
2025-10-08,12015.338212674198,11262.688695525425,11257.718948562371
2025-10-09,11946.5702126742,11222.08758057137,11227.084686906956
2025-10-10,11588.174212674197,11035.323249055473,10924.1477533431
2025-10-13,11830.5542126742,11157.125796644883,11094.542024101875
2025-10-14,11812.532212674201,11161.186306776664,11077.356502842968
2025-10-15,11905.3622126742,11209.90764472153,11122.80060346442
2025-10-16,11934.9062126742,11197.726911598938,11052.819287368731
2025-10-17,11910.286212674197,11209.90764472153,11111.298806652796
2025-10-20,12111.062212674198,11295.168790215917,11230.024189966492
2025-10-21,12025.486212674197,11274.868631375266,11230.430170284157
2025-10-22,11938.022212674197,11242.388536684775,11170.665169017762
2025-10-23,12020.026212674198,11291.109077356887,11235.91787891803
2025-10-24,12117.956212674198,11339.83041530175,11325.212258696833
2025-10-27,12269.014212674196,11416.972135078078,11464.460571088777
2025-10-28,12285.336212674196,11425.091560796136,11490.742107059881
2025-10-29,12250.720212674198,11388.550955973864,11490.31410249352
2025-10-30,12139.126212674197,11323.589172047377,11376.57280666014
2025-10-31,12160.514212674196,11339.830415301753,11407.184309925236
2025-11-03,12210.682212674197,11347.950638292565,11427.519298747928
2025-11-04,11994.952212674198,11250.507962402833,11293.517896537429
2025-11-05,12054.066212674197,11278.929141507047,11334.834652952908
2025-11-06,11979.544212674196,11222.087580571371,11208.215778905915
2025-11-07,11974.822212674197,11238.328026552992,11223.513822051418
2025-11-10,12179.786212674197,11343.890128160781,11397.801979979964
2025-11-11,12273.006212674198,11376.371020124023,11421.46042793116
2025-11-12,12264.044212674196,11392.611466105647,11429.120461628261
2025-11-13,12043.558212674197,11270.808918516237,11240.233163379557
2025-11-14,11955.314212674195,11254.567675261862,11236.96256244793
2025-11-17,11828.888212674196,11177.426752758289,11135.098943937282
2025-11-18,11750.126212674197,11116.52468169083,11043.978019799808
2025-11-19,11711.374212674196,11120.585191822613,11085.799131510468
2025-11-20,11509.452212674196,11015.022292942069,10914.780840371923
2025-11-21,11576.262212674195,11100.28503298196,11022.831070341785
2025-11-24,11756.674212674196,11189.606688608126,11193.473480969218
2025-11-25,11889.0422126742,11270.808918516235,11295.615339155082
2025-11-26,12000.538212674199,11339.83041530175,11373.821243856157
2025-11-27,12000.538212674199,,
2025-11-28,12039.076212674197,11372.311307264992,11435.14189122224
2025-12-01,11974.496212674198,11319.529459188347,11375.647788214828
2025-12-02,12014.138212674197,11343.890128160781,11403.936467383928
2025-12-03,12072.250212674197,11376.371020124023,11438.299434343884
2025-12-04,12075.314212674195,11384.491243114833,11451.43249384239
2025-12-05,12054.382212674194,11392.611466105644,11475.361105910946
2025-12-08,12002.600212674195,11368.250797133212,11436.420031788337
2025-12-09,11972.990212674196,11356.070064010619,11426.512056440812
2025-12-10,12122.074212674197,11429.152070927918,11504.010982758688
2025-12-11,12139.370212674197,11453.511942627596,11528.059994053458
2025-12-12,11994.540212674196,11372.311307264996,11405.815869939473
2025-12-15,12024.316212674195,11376.371020124025,11389.52526731932
2025-12-16,11926.983652674196,11352.010351151592,11362.807651223999
2025-12-17,11731.879652674195,11278.929141507046,11231.31701336505
2025-12-18,11838.843652674199,11343.890128160781,11320.551193530744
2025-12-19,12018.393652674198,11400.731689096458,11420.640391737968
2025-12-22,12157.173652674195,11449.453027041323,11494.83935145929
2025-12-23,12223.657652674196,11490.834672020708,11547.184383339389
2025-12-24,12266.477652674195,11511.73517724448,11584.411970913308
2025-12-25,12266.477652674195,,
2025-12-26,12315.777652674196,11515.91448101648,11581.99150598142
2025-12-29,12125.679652674195,11499.194874110217,11541.907373351394
2025-12-30,12143.751652674195,11495.014773065463,11526.05285085546
2025-12-31,12125.721652674196,11444.854357801165,11442.141197458403
2026-01-01,12125.721652674196,,
2026-01-02,12267.907652674196,11495.014773065463,11466.475789844619
2026-01-05,12458.341652674195,11570.25499732553,11539.366509193289
2026-01-06,12545.737652674194,11620.414615317077,11611.723507581848
2026-01-07,12472.391652674196,11591.154705276549,11571.850073597698
2026-01-08,12467.251652674195,11591.154705276549,11572.74425809483
2026-01-09,12556.509652674195,11649.675322630355,11648.168500185371
2026-01-12,12637.435652674196,11687.294637487636,11667.526346507506
2026-01-13,12610.289652674193,11666.394929536616,11645.116673457478
2026-01-14,12632.949652674193,11658.034727447108,11583.246888157197
2026-01-15,12591.499652674194,11683.115333715632,11613.429652714307
2026-01-16,12567.875652674193,11674.755131626125,11606.791544156786
2026-01-19,12567.875652674193,,
2026-01-20,12345.299652674194,11528.454784150741,11367.768980313995
2026-01-21,12536.689652674191,11620.414615317073,11499.703039713393
2026-01-22,12623.83965267419,11674.755131626125,11563.001464612542
2026-01-23,12704.449652674193,11691.474738532388,11567.820370227624
2026-01-26,12791.385652674195,11729.094850662423,11625.728727328793
2026-01-27,12980.623652674194,11795.974872832981,11673.210070954792
2026-01-28,13015.609652674197,11783.435366971473,11672.360669096679
2026-01-29,13006.985652674197,11787.615468016229,11657.437772320662
2026-01-30,12739.401652674196,11708.195142711404,11608.055001890418
2026-02-02,12721.709652674195,11741.635153796686,11671.172827950244
2026-02-03,12730.023652674196,11720.735445845667,11573.17299680282
2026-02-04,12647.967652674197,11691.474738532388,11514.535637069752
2026-02-05,12458.487652674197,11607.875109455563,11373.565762571261
2026-02-06,12786.853652674197,11775.075164881962,11598.041310149143
2026-02-09,12926.577652674197,11846.135288097277,11653.536543734655
2026-02-10,12909.965652674198,11850.315389142032,11615.700352755051
2026-02-11,12994.967652674197,11867.034996048296,11615.459554302623
2026-02-12,12758.257652674196,11775.075164881962,11434.510529426234
2026-02-13,12824.787652674197,11800.154973877734,11441.900399005975
2026-02-16,12824.787652674197,,
2026-02-17,12787.689652674197,11800.154973877734,11455.214057343805
2026-02-18,12887.945652674196,11837.775086007769,11519.407400881708
2026-02-19,12879.771652674197,11825.23558014626,11488.479482576988
2026-02-20,13039.721652674196,11887.935501272068,11568.579472666077
2026-02-23,12945.237652674195,11825.235580146264,11448.779306015927
2026-02-24,13042.037652674197,11887.935501272072,11537.081126320083
2026-02-25,13189.599652674198,11950.635422397878,11631.291318408239
2026-02-26,13123.891652674196,11933.91501821886,11568.948011760953
2026-02-27,13092.053652674198,11913.015310267843,11519.83540544807
2026-03-02,13036.8136526742,11854.49549018679,11525.38331369505
2026-03-03,12668.6436526742,11683.115333715632,11416.987303020629
2026-03-04,12784.415652674199,11729.094850662423,11505.709786474912
2026-03-05,12632.1936526742,11645.495221585597,11441.155979399988
2026-03-06,12488.597652674198,11545.175188329757,11290.849291736871
2026-03-09,12639.363652674198,11612.055210500319,11385.706262595118
2026-03-10,12660.931652674199,11612.055210500319,11362.642469358765
2026-03-11,12670.2916526742,11591.154705276547,11353.523696256247
2026-03-12,12384.9496526742,11436.494952984409,11181.106865325391
2026-03-13,12303.2676526742,11377.974335630603,11114.83957170178
2026-03-16,12484.033652674198,11490.834672020705,11228.580867535158
2026-03-17,12561.287652674198,11528.454784150737,11257.004628762938
2026-03-18,12324.951652674197,11407.235042943877,11103.871495850266
2026-03-19,12231.177652674196,11386.334537720106,11073.996336633301
2026-03-20,11885.975652674197,11202.414078114689,10906.639209769957
2026-03-23,12038.627652674197,11323.6346165943,11032.220741703284
2026-03-24,12022.719292674197,11290.194605509021,10991.031725930252
2026-03-25,12186.757292674198,11382.154436675353,11051.022108674988
2026-03-26,11871.893292674196,11206.594179159443,10858.70710318728
2026-03-27,11758.499292674196,11106.274145903602,10677.442397412888
2026-03-30,11766.401292674198,11093.734640042094,10635.395904223888
2026-03-31,12152.673292674199,11315.274414504793,10946.20430427234
2026-04-01,12293.685292674198,11403.054941899125,11025.086353408438
2026-04-02,12266.075292674197,11394.694739809616,11038.257588271354
2026-04-03,12266.075292674197,,
2026-04-06,12321.947292674198,11428.134750894897,11087.9560395996
2026-04-07,12336.763292674197,11432.314851939649,11096.473550712672
2026-04-08,12702.797292674197,11699.834940621891,11374.791044940484
2026-04-09,12776.053292674196,11716.555344800907,11445.696645339858
2026-04-10,12772.185292674196,11708.1951427114,11433.818968017127
2026-04-13,12883.621292674194,11791.794771788222,11550.139303373022
2026-04-14,13049.095292674196,11879.575299182554,11686.538412125092
2026-04-15,13069.533272340412,11917.195411312588,11780.673721767675
2026-04-16,13096.923721110124,11925.555613402099,11811.518682068967
2026-04-17,13256.864702961562,12042.595253564203,11953.77477269141
2026-04-20,13196.93897828555,12021.695545613185,11925.696058026564
2026-04-21,13021.093938422608,11929.735714446851,11850.02367606736
2026-04-22,13205.651219896557,11996.61573661741,11974.169961127212
2026-04-23,13106.22179372428,11942.27522030836,11924.846656168453
2026-04-24,13267.514517929285,12004.975141434166,12020.42602238399
2026-04-27,13246.87366293513,12000.795040389414,12035.310743795597
2026-04-28,13142.025869858258,11950.635422397869,11976.470026832889
2026-04-29,13115.036612748288,11917.195411312588,11971.71939638877
2026-04-30,13298.253549359004,12038.415152519448,12094.75198860613
2026-05-01,13336.47161394564,12046.775354608957,12130.438612912829
2026-05-04,13286.147135126654,12009.155242478922,12081.882485950375
2026-05-05,13442.372535129336,12088.575567783744,12180.317663080396
2026-05-06,13775.058439472978,12259.955724254898,12358.018845415481
2026-05-07,13625.815142048661,12193.075702084338,12311.10132255615
2026-05-08,13766.574147668647,12259.955724254896,12416.687039096725
2026-05-11,13806.875673488265,12264.13582529965,12441.081096954427
2026-05-12,13704.719967628189,12209.7953089906,12421.56467604167
2026-05-13,13834.024495462905,12264.135825299654,12494.711610816858
2026-05-14,13871.590623602457,12297.575836384933,12590.652174711038
2026-05-15,13541.485111070342,12134.555882003286,12437.344316092032
2026-05-18,13567.626394899491,12147.095387864794,12428.947204205178
2026-05-19,13428.394652984209,12071.855163604725,12346.757112914667
2026-05-20,13642.954688012333,12197.255803129092,12480.300410752254
2026-05-21,13696.7804758618,12234.875915259126,12503.236463346158
2026-05-22,13671.749307591146,12264.13582529965,12550.568042081013
2026-05-25,13671.749307591146,,
2026-05-26,13814.749059810716,12372.816060645002,12628.021451618248
2026-05-27,13775.443674646258,12364.455858555495,12630.231217904262
2026-05-28,13890.32581821283,12406.256071730284,12702.987589335875
2026-05-29,13932.289098123085,12431.335880726056,12731.335733976457
2026-06-01,14093.066655765007,12452.236385949827,12765.728800742965
2026-06-02,14165.43388088918,12489.855700807106,12782.621399494192
2026-06-03,13992.4541700961,12414.616273819789,12688.591072103734
2026-06-04,14024.79568866673,12443.876183860317,12742.236268798628
2026-06-05,13349.081797250738,12176.355297905322,12407.034545034097
2026-06-08,13475.691958370588,12197.255803129092,12444.486045803109
2026-06-09,13376.909819488501,12209.795308990602,12412.860692956292
2026-06-10,13108.451052672774,12071.855163604729,12212.094983243229
2026-06-11,13486.612943447486,12285.035533250672,12426.188299984964
2026-06-12,13558.560740927382,12331.015847470215,12489.23197774084
2026-06-15,13777.43586579581,12464.775891811334,12698.581271313064
2026-06-16,13688.96854582639,12422.975678636545,12626.788093691168
2026-06-17,13542.171149827664,12339.37604955972,12473.556585800983
2026-06-18,13688.35536084644,12448.05628490507,12609.017461558526
2026-06-19,13688.35536084644,,
2026-06-22,13646.567602287323,12427.155779681298,12563.008806028785
2026-06-23,13342.61705057276,12259.955724254896,12382.70655992249
2026-06-24,13285.301351183143,12272.496027389157,12370.61084253765
2026-06-25,13332.40034023772,12305.936038474436,12369.950115076716
2026-06-26,13307.009011272521,12285.035533250666,12364.430838353042
2026-06-29,13421.230100399744,12372.816060644998,12509.785006625641
2026-06-30,13470.553879567442,12418.795577591785,12610.092244894977
